1,Product Management
2,Sales
3,Research and Development
4,Business Development
5,Engineering
6,Human Resources
7,Services
8,Support
9,Marketing
10,Training
11,Legal
12,Accounting
13,Accounting
14,Accounting
15,Accounting
16,Accounting
17,Accounting
18,Accounting
19,Accounting
20,Accounting
21,Accounting
22,Accounting
23,Accounting
24,Accounting
25,Accounting
26,Accounting
27,Accounting
28,Accounting
29,Accounting
30,Accounting
31,Accounting
32,Accounting
33,Accounting
34,Accounting
35,Accounting
36,Accounting
37,Accounting
38,Accounting
39,Accounting
40,Accounting
41,Accounting
42,Accounting
43,Accounting
44,Accounting
45,Accounting
46,Accounting
47,Accounting
48,Accounting
49,Accounting
50,Accounting
51,Accounting
52,Accounting
53,Accounting
54,Accounting
55,Accounting
56,Accounting
57,Accounting
58,Accounting
59,Accounting
60,Accounting
61,Accounting
62,Accounting
63,Accounting
64,Accounting
65,Accounting
66,Accounting
67,Accounting
68,Accounting
69,Accounting
70,Accounting
71,Accounting
72,Accounting
73,Accounting
74,Accounting
75,Accounting
76,Accounting
77,Accounting
78,Accounting
79,Accounting
80,Accounting
81,Accounting
82,Accounting
83,Accounting
84,Accounting
85,Accounting
86,Accounting
87,Accounting
88,Accounting
89,Accounting
90,Accounting
91,Accounting
92,Accounting
93,Accounting
94,Accounting
95,Accounting
96,Accounting
97,Accounting
98,Accounting
99,Accounting
100,Accounting
101,Accounting
102,Accounting
103,Accounting
104,Accounting
105,Accounting
106,Accounting
107,Accounting
108,Accounting
109,Accounting
110,Accounting
111,Accounting
112,Accounting
113,Accounting
114,Accounting
115,Accounting
116,Accounting
117,Accounting
118,Accounting
119,Accounting
120,Accounting
121,Accounting
122,Accounting
123,Accounting
124,Accounting
125,Accounting
126,Accounting
127,Accounting
128,Accounting
129,Accounting
130,Accounting
131,Accounting
132,Accounting
133,Accounting
134,Accounting
135,Accounting
136,Accounting
137,Accounting
138,Accounting
139,Accounting
140,Accounting
141,Accounting
142,Accounting
143,Accounting
144,Accounting
145,Accounting
146,Accounting
147,Accounting
148,Accounting
149,Accounting
150,Accounting
151,Accounting
152,Accounting
153,Accounting
154,Accounting
155,Accounting
156,Accounting
157,Accounting
158,Accounting
159,Accounting
160,Accounting
161,Accounting
162,Accounting
163,Accounting
164,Accounting
165,Accounting
166,Accounting
167,Accounting
168,Accounting
169,Accounting
170,Accounting
171,Accounting
172,Accounting
173,Accounting
174,Accounting
175,Accounting
176,Accounting
177,Accounting
178,Accounting
179,Accounting
180,Accounting
181,Accounting
182,Accounting
183,Accounting
184,Accounting
185,Accounting
186,Accounting
187,Accounting
188,Accounting
189,Accounting
190,Accounting
191,Accounting
192,Accounting
193,Accounting
194,Accounting
195,Accounting
196,Accounting
197,Accounting
198,Accounting
199,Accounting
200,Accounting
201,Accounting
202,Accounting
203,Accounting
204,Accounting
205,Accounting
206,Accounting
207,Accounting
208,Accounting
209,Accounting
210,Accounting
211,Accounting
212,Accounting
213,Accounting
214,Accounting
215,Accounting
216,Accounting
217,Accounting
218,Accounting
219,Accounting
220,Accounting
221,Accounting
222,Accounting
223,Accounting
224,Accounting
225,Accounting
226,Accounting
227,Accounting
228,Accounting
229,Accounting
230,Accounting
231,Accounting
232,Accounting
233,Accounting
234,Accounting
235,Accounting
236,Accounting
237,Accounting
238,Accounting
239,Accounting
240,Accounting
241,Accounting
242,Accounting
243,Accounting
244,Accounting
245,Accounting
246,Accounting
247,Accounting
248,Accounting
249,Accounting
250,Accounting
251,Accounting
252,Accounting
253,Accounting
254,Accounting
255,Accounting
256,Accounting
257,Accounting
258,Accounting
259,Accounting
260,Accounting
261,Accounting
262,Accounting
263,Accounting
264,Accounting
265,Accounting
266,Accounting
267,Accounting
268,Accounting
269,Accounting
270,Accounting
271,Accounting
272,Accounting
273,Accounting
274,Accounting
275,Accounting
276,Accounting
277,Accounting
278,Accounting
279,Accounting
280,Accounting
281,Accounting
282,Accounting
283,Accounting
284,Accounting
285,Accounting
286,Accounting
287,Accounting
288,Accounting
289,Accounting
290,Accounting
291,Accounting
292,Accounting
293,Accounting
294,Accounting
295,Accounting
296,Accounting
297,Accounting
298,Accounting
299,Accounting
300,Accounting
301,Accounting
302,Accounting
303,Accounting
304,Accounting
305,Accounting
306,Accounting
307,Accounting
308,Accounting
309,Accounting
310,Accounting
311,Accounting
312,Accounting
313,Accounting
314,Accounting
315,Accounting
316,Accounting
317,Accounting
318,Accounting
319,Accounting
320,Accounting
321,Accounting
322,Accounting
323,Accounting
324,Accounting
325,Accounting
326,Accounting
327,Accounting
328,Accounting
329,Accounting
330,Accounting
331,Accounting
332,Accounting
333,Accounting
334,Accounting
335,Accounting
336,Accounting
337,Accounting
338,Accounting
339,Accounting
340,Accounting
341,Accounting
342,Accounting
343,Accounting
344,Accounting
345,Accounting
346,Accounting
347,Accounting
348,Accounting
349,Accounting
350,Accounting
351,Accounting
352,Accounting
353,Accounting
354,Accounting
355,Accounting
356,Accounting
357,Accounting
358,Accounting
359,Accounting
360,Accounting
361,Accounting
362,Accounting
363,Accounting
364,Accounting
365,Accounting
366,Accounting
367,Accounting
368,Accounting
369,Accounting
370,Accounting
371,Accounting
372,Accounting
373,Accounting
374,Accounting
375,Accounting
376,Accounting
377,Accounting
378,Accounting
379,Accounting
380,Accounting
381,Accounting
382,Accounting
383,Accounting
384,Accounting
385,Accounting
386,Accounting
387,Accounting
388,Accounting
389,Accounting
390,Accounting
391,Accounting
392,Accounting
393,Accounting
394,Accounting
395,Accounting
396,Accounting
397,Accounting
398,Accounting
399,Accounting
400,Accounting
401,Accounting
402,Accounting
403,Accounting
404,Accounting
405,Accounting
406,Accounting
407,Accounting
408,Accounting
409,Accounting
410,Accounting
411,Accounting
412,Accounting
413,Accounting
414,Accounting
415,Accounting
416,Accounting
417,Accounting
418,Accounting
419,Accounting
420,Accounting
421,Accounting
422,Accounting
423,Accounting
424,Accounting
425,Accounting
426,Accounting
427,Accounting
428,Accounting
429,Accounting
430,Accounting
431,Accounting
432,Accounting
433,Accounting
434,Accounting
435,Accounting
436,Accounting
437,Accounting
438,Accounting
439,Accounting
440,Accounting
441,Accounting
442,Accounting
443,Accounting
444,Accounting
445,Accounting
446,Accounting
447,Accounting
448,Accounting
449,Accounting
450,Accounting
451,Accounting
452,Accounting
453,Accounting
454,Accounting
455,Accounting
456,Accounting
457,Accounting
458,Accounting
459,Accounting
460,Accounting
461,Accounting
462,Accounting
463,Accounting
464,Accounting
465,Accounting
466,Accounting
467,Accounting
468,Accounting
469,Accounting
470,Accounting
471,Accounting
472,Accounting
473,Accounting
474,Accounting
475,Accounting
476,Accounting
477,Accounting
478,Accounting
479,Accounting
480,Accounting
481,Accounting
482,Accounting
483,Accounting
484,Accounting
485,Accounting
486,Accounting
487,Accounting
488,Accounting
489,Accounting
490,Accounting
491,Accounting
492,Accounting
493,Accounting
494,Accounting
495,Accounting
496,Accounting
497,Accounting
498,Accounting
499,Accounting
500,Accounting
501,Accounting
502,Accounting
503,Accounting
504,Accounting
505,Accounting
506,Accounting
507,Accounting
508,Accounting
509,Accounting
510,Accounting
511,Accounting
512,Accounting
513,Accounting
514,Accounting
515,Accounting
516,Accounting
517,Accounting
518,Accounting
519,Accounting
520,Accounting
521,Accounting
522,Accounting
523,Accounting
524,Accounting
525,Accounting
526,Accounting
527,Accounting
528,Accounting
529,Accounting
530,Accounting
531,Accounting
532,Accounting
533,Accounting
534,Accounting
535,Accounting
536,Accounting
537,Accounting
538,Accounting
539,Accounting
540,Accounting
541,Accounting
542,Accounting
543,Accounting
544,Accounting
545,Accounting
546,Accounting
547,Accounting
548,Accounting
549,Accounting
550,Accounting
551,Accounting
552,Accounting
553,Accounting
554,Accounting
555,Accounting
556,Accounting
557,Accounting
558,Accounting
559,Accounting
560,Accounting
561,Accounting
562,Accounting
563,Accounting
564,Accounting
565,Accounting
566,Accounting
567,Accounting
568,Accounting
569,Accounting
570,Accounting
571,Accounting
572,Accounting
573,Accounting
574,Accounting
575,Accounting
576,Accounting
577,Accounting
578,Accounting
579,Accounting
580,Accounting
581,Accounting
582,Accounting
583,Accounting
584,Accounting
585,Accounting
586,Accounting
587,Accounting
588,Accounting
589,Accounting
590,Accounting
591,Accounting
592,Accounting
593,Accounting
594,Accounting
595,Accounting
596,Accounting
597,Accounting
598,Accounting
599,Accounting
600,Accounting
601,Accounting
602,Accounting
603,Accounting
604,Accounting
605,Accounting
606,Accounting
607,Accounting
608,Accounting
609,Accounting
610,Accounting
611,Accounting
612,Accounting
613,Accounting
614,Accounting
615,Accounting
616,Accounting
617,Accounting
618,Accounting
619,Accounting
620,Accounting
621,Accounting
622,Accounting
623,Accounting
624,Accounting
625,Accounting
626,Accounting
627,Accounting
628,Accounting
629,Accounting
630,Accounting
631,Accounting
632,Accounting
633,Accounting
634,Accounting
635,Accounting
636,Accounting
637,Accounting
638,Accounting
639,Accounting
640,Accounting
641,Accounting
642,Accounting
643,Accounting
644,Accounting
645,Accounting
646,Accounting
647,Accounting
648,Accounting
649,Accounting
650,Accounting
651,Accounting
652,Accounting
653,Accounting
654,Accounting
655,Accounting
656,Accounting
657,Accounting
658,Accounting
659,Accounting
660,Accounting
661,Accounting
662,Accounting
663,Accounting
664,Accounting
665,Accounting
666,Accounting
667,Accounting
668,Accounting
669,Accounting
670,Accounting
671,Accounting
672,Accounting
673,Accounting
674,Accounting
675,Accounting
676,Accounting
677,Accounting
678,Accounting
679,Accounting
680,Accounting
681,Accounting
682,Accounting
683,Accounting
684,Accounting
685,Accounting
686,Accounting
687,Accounting
688,Accounting
689,Accounting
690,Accounting
691,Accounting
692,Accounting
693,Accounting
694,Accounting
695,Accounting
696,Accounting
697,Accounting
698,Accounting
699,Accounting
700,Accounting
701,Accounting
702,Accounting
703,Accounting
704,Accounting
705,Accounting
706,Accounting
707,Accounting
708,Accounting
709,Accounting
710,Accounting
711,Accounting
712,Accounting
713,Accounting
714,Accounting
715,Accounting
716,Accounting
717,Accounting
718,Accounting
719,Accounting
720,Accounting
721,Accounting
722,Accounting
723,Accounting
724,Accounting
725,Accounting
726,Accounting
727,Accounting
728,Accounting
729,Accounting
730,Accounting
731,Accounting
732,Accounting
733,Accounting
734,Accounting
735,Accounting
736,Accounting
737,Accounting
738,Accounting
739,Accounting
740,Accounting
741,Accounting
742,Accounting
743,Accounting
744,Accounting
745,Accounting
746,Accounting
747,Accounting
748,Accounting
749,Accounting
750,Accounting
751,Accounting
752,Accounting
753,Accounting
754,Accounting
755,Accounting
756,Accounting
757,Accounting
758,Accounting
759,Accounting
760,Accounting
761,Accounting
762,Accounting
763,Accounting
764,Accounting
765,Accounting
766,Accounting
767,Accounting
768,Accounting
769,Accounting
770,Accounting
771,Accounting
772,Accounting
773,Accounting
774,Accounting
775,Accounting
776,Accounting
777,Accounting
778,Accounting
779,Accounting
780,Accounting
781,Accounting
782,Accounting
783,Accounting
784,Accounting
785,Accounting
786,Accounting
787,Accounting
788,Accounting
789,Accounting
790,Accounting
791,Accounting
792,Accounting
793,Accounting
794,Accounting
795,Accounting
796,Accounting
797,Accounting
798,Accounting
799,Accounting
800,Accounting
801,Accounting
802,Accounting
803,Accounting
804,Accounting
805,Accounting
806,Accounting
807,Accounting
808,Accounting
809,Accounting
810,Accounting
811,Accounting
812,Accounting
813,Accounting
814,Accounting
815,Accounting
816,Accounting
817,Accounting
818,Accounting
819,Accounting
820,Accounting
821,Accounting
822,Accounting
823,Accounting
824,Accounting
825,Accounting
826,Accounting
827,Accounting
828,Accounting
829,Accounting
830,Accounting
831,Accounting
832,Accounting
833,Accounting
834,Accounting
835,Accounting
836,Accounting
837,Accounting
838,Accounting
839,Accounting
840,Accounting
841,Accounting
842,Accounting
843,Accounting
844,Accounting
845,Accounting
846,Accounting
847,Accounting
848,Accounting
849,Accounting
850,Accounting
851,Accounting
852,Accounting
853,Accounting
854,Accounting
855,Accounting
856,Accounting
857,Accounting
858,Accounting
859,Accounting
860,Accounting
861,Accounting
862,Accounting
863,Accounting
864,Accounting
865,Accounting
866,Accounting
867,Accounting
868,Accounting
869,Accounting
870,Accounting
871,Accounting
872,Accounting
873,Accounting
874,Accounting
875,Accounting
876,Accounting
877,Accounting
878,Accounting
879,Accounting
880,Accounting
881,Accounting
882,Accounting
883,Accounting
884,Accounting
885,Accounting
886,Accounting
887,Accounting
888,Accounting
889,Accounting
890,Accounting
891,Accounting
892,Accounting
893,Accounting
894,Accounting
895,Accounting
896,Accounting
897,Accounting
898,Accounting
899,Accounting
900,Accounting
901,Accounting
902,Accounting
903,Accounting
904,Accounting
905,Accounting
906,Accounting
907,Accounting
908,Accounting
909,Accounting
910,Accounting
911,Accounting
912,Accounting
913,Accounting
914,Accounting
915,Accounting
916,Accounting
917,Accounting
918,Accounting
919,Accounting
920,Accounting
921,Accounting
922,Accounting
923,Accounting
924,Accounting
925,Accounting
926,Accounting
927,Accounting
928,Accounting
929,Accounting
930,Accounting
931,Accounting
932,Accounting
933,Accounting
934,Accounting
935,Accounting
936,Accounting
937,Accounting
938,Accounting
939,Accounting
940,Accounting
941,Accounting
942,Accounting
943,Accounting
944,Accounting
945,Accounting
946,Accounting
947,Accounting
948,Accounting
949,Accounting
950,Accounting
951,Accounting
952,Accounting
953,Accounting
954,Accounting
955,Accounting
956,Accounting
957,Accounting
958,Accounting
959,Accounting
960,Accounting
961,Accounting
962,Accounting
963,Accounting
964,Accounting
965,Accounting
966,Accounting
967,Accounting
968,Accounting
969,Accounting
970,Accounting
971,Accounting
972,Accounting
973,Accounting
974,Accounting
975,Accounting
976,Accounting
977,Accounting
978,Accounting
979,Accounting
980,Accounting
981,Accounting
982,Accounting
983,Accounting
984,Accounting
985,Accounting
986,Accounting
987,Accounting
988,Accounting
989,Accounting
990,Accounting
991,Accounting
992,Accounting
993,Accounting
994,Accounting
995,Accounting
996,Accounting
997,Accounting
998,Accounting
999,Accounting
1000,Accounting
1001,Accounting
1002,Accounting
1003,Accounting
1004,Accounting
1005,Accounting
1006,Accounting
1007,Accounting
1008,Accounting
1009,Accounting
1010,Accounting
1011,Accounting
1012,Accounting
1013,Accounting
1014,Accounting
1015,Accounting
1016,Accounting
1017,Accounting
1018,Accounting
1019,Accounting
1020,Accounting
1021,Accounting
1022,Accounting
1023,Accounting
1024,Accounting
1025,Accounting
1026,Accounting
1027,Accounting
1028,Accounting
1029,Accounting
1030,Accounting
1031,Accounting
1032,Accounting
1033,Accounting
1034,Accounting
1035,Accounting
1036,Accounting
1037,Accounting
1038,Accounting
1039,Accounting
1040,Accounting
1041,Accounting
1042,Accounting
1043,Accounting
1044,Accounting
1045,Accounting
1046,Accounting
1047,Accounting
1048,Accounting
1049,Accounting
1050,Accounting
1051,Accounting
1052,Accounting
1053,Accounting
1054,Accounting
1055,Accounting
1056,Accounting
1057,Accounting
1058,Accounting
1059,Accounting
1060,Accounting
1061,Accounting
1062,Accounting
1063,Accounting
1064,Accounting
1065,Accounting
1066,Accounting
1067,Accounting
1068,Accounting
1069,Accounting
1070,Accounting
1071,Accounting
1072,Accounting
1073,Accounting
1074,Accounting
1075,Accounting
1076,Accounting
1077,Accounting
1078,Accounting
1079,Accounting
1080,Accounting
1081,Accounting
1082,Accounting
1083,Accounting
1084,Accounting
1085,Accounting
1086,Accounting
1087,Accounting
1088,Accounting
1089,Accounting
1090,Accounting
1091,Accounting
1092,Accounting
1093,Accounting
1094,Accounting
1095,Accounting
1096,Accounting
1097,Accounting
1098,Accounting
1099,Accounting
1100,Accounting
1101,Accounting
1102,Accounting
1103,Accounting
1104,Accounting
1105,Accounting
1106,Accounting
1107,Accounting
1108,Accounting
1109,Accounting
1110,Accounting
1111,Accounting
1112,Accounting
1113,Accounting
1114,Accounting
1115,Accounting
1116,Accounting
1117,Accounting
1118,Accounting
1119,Accounting
1120,Accounting
1121,Accounting
1122,Accounting
1123,Accounting
1124,Accounting
1125,Accounting
1126,Accounting
1127,Accounting
1128,Accounting
1129,Accounting
1130,Accounting
1131,Accounting
1132,Accounting
1133,Accounting
1134,Accounting
1135,Accounting
1136,Accounting
1137,Accounting
1138,Accounting
1139,Accounting
1140,Accounting
1141,Accounting
1142,Accounting
1143,Accounting
1144,Accounting
1145,Accounting
1146,Accounting
1147,Accounting
1148,Accounting
1149,Accounting
1150,Accounting
1151,Accounting
1152,Accounting
1153,Accounting
1154,Accounting
1155,Accounting
1156,Accounting
1157,Accounting
1158,Accounting
1159,Accounting
1160,Accounting
1161,Accounting
1162,Accounting
1163,Accounting
1164,Accounting
1165,Accounting
1166,Accounting
1167,Accounting
1168,Accounting
1169,Accounting
1170,Accounting
1171,Accounting
1172,Accounting
1173,Accounting
1174,Accounting
1175,Accounting
1176,Accounting
1177,Accounting
1178,Accounting
1179,Accounting
1180,Accounting
1181,Accounting
1182,Accounting
1183,Accounting
1184,Accounting
1185,Accounting
1186,Accounting
1187,Accounting
1188,Accounting
1189,Accounting
1190,Accounting
1191,Accounting
1192,Accounting
1193,Accounting
1194,Accounting
1195,Accounting
1196,Accounting
1197,Accounting
1198,Accounting
1199,Accounting
1200,Accounting
1201,Accounting
1202,Accounting
1203,Accounting
1204,Accounting
1205,Accounting
1206,Accounting
1207,Accounting
1208,Accounting
1209,Accounting
1210,Accounting
1211,Accounting
1212,Accounting
1213,Accounting
1214,Accounting
1215,Accounting
1216,Accounting
1217,Accounting
1218,Accounting
1219,Accounting
1220,Accounting
1221,Accounting
1222,Accounting
1223,Accounting
1224,Accounting
1225,Accounting
1226,Accounting
1227,Accounting
1228,Accounting
1229,Accounting
1230,Accounting
1231,Accounting
1232,Accounting
1233,Accounting
1234,Accounting
1235,Accounting
1236,Accounting
1237,Accounting
1238,Accounting
1239,Accounting
1240,Accounting
1241,Accounting
1242,Accounting
1243,Accounting
1244,Accounting
1245,Accounting
1246,Accounting
1247,Accounting
1248,Accounting
1249,Accounting
1250,Accounting
1251,Accounting
1252,Accounting
1253,Accounting
1254,Accounting
1255,Accounting
1256,Accounting
1257,Accounting
1258,Accounting
1259,Accounting
1260,Accounting
1261,Accounting
1262,Accounting
1263,Accounting
1264,Accounting
1265,Accounting
1266,Accounting
1267,Accounting
1268,Accounting
1269,Accounting
1270,Accounting
1271,Accounting
1272,Accounting
1273,Accounting
1274,Accounting
1275,Accounting
1276,Accounting
1277,Accounting
1278,Accounting
1279,Accounting
1280,Accounting
1281,Accounting
1282,Accounting
1283,Accounting
